"","(Intercept)","fsCat1","fsCat2"
"1",1.46618950504827,-11.5523340637991,-2.85245495199652
