"","(Intercept)","fsCat1","fsCat2","SpeciesFRACAL","SpeciesHETARB","SpeciesQUEBER"
"1",-0.236360159853189,1.53054121787592,1.22974984883693,-1.76703206490466,-1.32112150697737,1.62259837482605
"2",2.66660716948622,-3.47643014750027,-3.74542345182558,-1.3423419007444,-1.55974374350927,0.468837240511037
