"","(Intercept)","TSizeCatTR1","TSizeCatTR2","TSizeCatTR3","fsCat1","fsCat2","fsCat3"
"1",1.95965946235332,1.63537027987298,4.74402762567086,5.71120548264676,-4.91929300922159,-6.33998363163561,-9.81486206295073
