"","(Intercept)","TSizeCatTR1","TSizeCatTR2","TSizeCatTR3","fsCat1","fsCat2","fsCat3","northness"
"1",-2.29122768595601,0.261027814537521,-0.0950448144784728,-0.520477305251349,2.37477016995708,2.16406993330274,3.02735157943952,-0.868927068190772
"2",2.68314399123557,1.49957286326884,4.54319351183832,5.75871865324173,-4.87757257952978,-6.24792573787277,-8.34205271270277,0.213195595835223
