"","(Intercept)","TSizeCatTR1","TSizeCatTR2","TSizeCatTR3","fsCat1","fsCat2","fsCat3","northness"
"1",-2.2901199054244,0.266495474068991,-0.0930369194899107,-0.505828736240931,2.37177466534843,2.15954620832992,3.02171588012416,-0.87746460180237
"2",2.6723142290469,1.46663184673422,4.50899992327993,5.68385786390353,-4.8384672592525,-6.19933694707104,-8.26380049092439,0.250012025967046
